{
	"info": {
		"_postman_id": "3a984e4d-cf8f-452a-bf86-3bfd3bf91bef",
		"name": "cs3219-task-b",
		"schema": "https://schema.getpostman.com/json/collection/v2.1.0/collection.json"
	},
	"item": [
		{
			"name": "http://localhost:8080/api/products",
			"protocolProfileBehavior": {
				"disableBodyPruning": true
			},
			"request": {
				"method": "GET",
				"header": [],
				"body": {
					"mode": "urlencoded",
					"urlencoded": [
						{
							"key": "name",
							"value": "iphone 16",
							"type": "text"
						},
						{
							"key": "price",
							"value": "6000",
							"type": "text"
						},
						{
							"key": "",
							"value": "",
							"type": "text",
							"disabled": true
						},
						{
							"key": "",
							"value": "",
							"type": "text",
							"disabled": true
						}
					]
				},
				"url": {
					"raw": "http://localhost:8080/api/products",
					"protocol": "http",
					"host": [
						"localhost"
					],
					"port": "8080",
					"path": [
						"api",
						"products"
					]
				}
			},
			"response": []
		},
		{
			"name": "http://localhost:8080/api/outlets",
			"protocolProfileBehavior": {
				"disableBodyPruning": true
			},
			"request": {
				"method": "GET",
				"header": [],
				"body": {
					"mode": "urlencoded",
					"urlencoded": [
						{
							"key": "name",
							"value": "Store B",
							"type": "text"
						},
						{
							"key": "street_name",
							"value": "Street B",
							"type": "text"
						},
						{
							"key": "postal_code",
							"value": "234567",
							"type": "text"
						},
						{
							"key": "phone",
							"value": "62345678",
							"type": "text"
						}
					]
				},
				"url": {
					"raw": "http://localhost:8080/api/outlets",
					"protocol": "http",
					"host": [
						"localhost"
					],
					"port": "8080",
					"path": [
						"api",
						"outlets"
					]
				}
			},
			"response": []
		}
	],
	"protocolProfileBehavior": {}
}